topology,slope,intercept,r_value,r_squared,p_value_linear,spearman_rho,p_value_spearman,supports_h3
BA,-0.3360804985638735,0.4271199083496813,-0.6542389274116722,0.42802857414077533,0.055910496463834634,-0.7378647873726218,0.02323723139995463,True
ER,-0.3140958233649699,0.40761047558139807,-0.6972691096265934,0.4861842112394623,0.03681266151228116,-0.7378647873726218,0.02323723139995463,True
RR,-0.3880843384310461,0.4787623067245108,-0.6826896082879165,0.46606510126430883,0.042714891751441386,-0.7378647873726218,0.02323723139995463,True
WS,-0.37279682154768246,0.4631125269660306,-0.711515398896269,0.5062541628665168,0.03158248331231052,-0.7378647873726218,0.02323723139995463,True
