topology,slope,intercept,r_value,r_squared,p_value_linear,spearman_rho,p_value_spearman,supports_h3
BA,-0.359132393748232,0.5299232649910837,-0.6415284970665325,0.41155881254844395,0.3584715029334674,-0.8944271909999159,0.10557280900008414,True
ER,-0.26026251944339535,0.4422150561921664,-0.8071632560935068,0.651512521987472,0.19283674390649316,-0.8944271909999159,0.10557280900008414,True
RR,-0.2667883330796824,0.46816238625648277,-0.6188099463748614,0.38292574973245885,0.3811900536251386,-0.4472135954999579,0.552786404500042,True
WS,-0.41941059730172514,0.6101128849618596,-0.7001248567800198,0.4901748150812432,0.2998751432199802,-0.8944271909999159,0.10557280900008414,True
