beta_level,slope,p_value_linear,spearman_rho,p_value_spearman
High heterogeneity,-0.24347817301559127,4.2335281481189605e-17,-0.5427047338043455,2.2384674624398402e-24
Low heterogeneity,-0.2551433538708338,6.236330517672889e-35,-0.6184084381585313,4.8220582643220124e-33
Medium heterogeneity,-0.17937963762478693,1.8298022249475774e-24,-0.5916112650483417,1.0315392940793707e-29
