topology,slope,intercept,r_value,r_squared,p_value_linear,spearman_rho,p_value_spearman,supports_hypothesis
BA,-0.3430465500502309,0.40383501602209537,-0.5061291860545145,0.2561667529762054,2.083469497484354e-14,-0.5236338938718256,1.777405916373759e-15,True
ER,-0.34208872528350404,0.41762313388414785,-0.4776067177943426,0.22810817688228482,8.61019279153111e-13,-0.49900141188199715,5.455716923916112e-14,True
RR,-0.34615785869963345,0.4206314858979843,-0.43846589578087136,0.19225234176292194,8.37001607601895e-11,-0.4813403870591012,5.39351441085137e-13,True
WS,-0.344274897205278,0.43361052387963617,-0.4077633787433936,0.16627097304422825,2.0598436195616453e-09,-0.46817207907711744,2.738379673757666e-12,True
